INSERT INTO USER VALUES
('TEST-USER-0001', 'test_user1@example.com', 'hashed_pwd_test1', 'Test', 'UserOne', 10, 0),
('TEST-USER-0002', 'test_user2@example.com', 'hashed_pwd_test2', 'Test', 'UserTwo', 25, 1);

INSERT INTO ROLE VALUES
('TEST-ROLE-0001', 'TEST_ADMIN'),
('TEST-ROLE-0002', 'TEST_USER');

INSERT INTO DOCUMENT VALUES
('TEST-DOC-0001', 'TEST-USER-0001', 'TEST_CATEGORY', 'https://example.com/test_doc1'),
('TEST-DOC-0002', 'TEST-USER-0002', 'TEST_CATEGORY', 'https://example.com/test_doc2');

INSERT INTO ANNOUNCEMENT VALUES
('TEST-ANN-0001', '1 Test Street', 'TestCity', '00001', 'Test announcement description', '2026-01-01', 100, 0, 'ACTIVE'),
('TEST-ANN-0002', '2 Test Avenue', 'TestTown', '00002', 'Second test announcement', '2026-02-01', 200, 1, 'ACTIVE');

INSERT INTO LOCKER VALUES
('TEST-LOCK-0001', 'CODETEST1'),
('TEST-LOCK-0002', 'CODETEST2');

INSERT INTO PAYEMENT VALUES
('TEST-PAY-0001', 1500, 'EUR', 'TEST_PROVIDER', 'TEST_REF_1', 'PAID', NOW(), NOW()),
('TEST-PAY-0002', 2500, 'EUR', 'TEST_PROVIDER', 'TEST_REF_2', 'PENDING', NOW(), NULL);

INSERT INTO SUBSCRIPTION_PLANS VALUES
('TEST-PLAN-0001', 999, 'MONTH', 1, 1),
('TEST-PLAN-0002', 9999, 'YEAR', 1, 1);

INSERT INTO SUBSCRIPTION VALUES
('TEST-SUB-0001', NOW(), NULL, 0, NULL),
('TEST-SUB-0002', NOW(), NULL, 0, NULL);

INSERT INTO ADVICE VALUES
('TEST-ADV-0001', 'Test advice title 1', 'TEST_TAG', '2026-01-01'),
('TEST-ADV-0002', 'Test advice title 2', 'TEST_TAG', '2026-02-01');

INSERT INTO TOPIC VALUES
('TEST-TOPIC-0001'),
('TEST-TOPIC-0002');

INSERT INTO POST VALUES
('TEST-POST-0001'),
('TEST-POST-0002');

INSERT INTO PROJECT VALUES
('TEST-PROJ-0001', '2026-01-01', '2026-06-01', 10),
('TEST-PROJ-0002', '2026-02-01', '2026-07-01', 20);

INSERT INTO FORMATION VALUES
('TEST-FORM-0001'),
('TEST-FORM-0002');

INSERT INTO EVENT VALUES
('TEST-EVENT-0001'),
('TEST-EVENT-0002');

INSERT INTO TICKET VALUES
('TEST-TICKET-0001', NOW()),
('TEST-TICKET-0002', NOW());

INSERT INTO NOTIFICATION VALUES
('TEST-NOTIF-0001', 0),
('TEST-NOTIF-0002', 1);

INSERT INTO REPORT_ANNOUCEMENT VALUES
('TEST-RANN-0001', 'TEST-USER-0001', 'TEST-ANN-0001', 'TEST_REASON'),
('TEST-RANN-0002', 'TEST-USER-0002', 'TEST-ANN-0002', 'TEST_REASON');

INSERT INTO REPORT_TOPIC VALUES
('TEST-RTOP-0001', 'TEST-USER-0001', 'TEST-TOPIC-0001'),
('TEST-RTOP-0002', 'TEST-USER-0002', 'TEST-TOPIC-0002');

INSERT INTO REPORT_POST VALUES
('TEST-RPOST-0001', 'TEST-USER-0001', 'TEST-POST-0001'),
('TEST-RPOST-0002', 'TEST-USER-0002', 'TEST-POST-0002');

INSERT INTO USER_ROLE VALUES
('TEST-USER-0001', 'TEST-ROLE-0001'),
('TEST-USER-0002', 'TEST-ROLE-0002');

INSERT INTO USER_ANNOUNCEMENT VALUES
('TEST-USER-0001', 'TEST-ANN-0001'),
('TEST-USER-0002', 'TEST-ANN-0002');

INSERT INTO ANNOUNCEMENT_LOCKER VALUES
('TEST-ANN-0001', 'TEST-LOCK-0001'),
('TEST-ANN-0002', 'TEST-LOCK-0002');

INSERT INTO USER_ADVICE VALUES
('TEST-USER-0001', 'TEST-ADV-0001'),
('TEST-USER-0002', 'TEST-ADV-0002');

INSERT INTO USER_TOPIC VALUES
('TEST-USER-0001', 'TEST-TOPIC-0001'),
('TEST-USER-0002', 'TEST-TOPIC-0002');

INSERT INTO TOPIC_POST VALUES
('TEST-TOPIC-0001', 'TEST-POST-0001'),
('TEST-TOPIC-0002', 'TEST-POST-0002');

INSERT INTO USER_PROJECT_CREATE VALUES
('TEST-USER-0001', 'TEST-PROJ-0001'),
('TEST-USER-0002', 'TEST-PROJ-0002');

INSERT INTO USER_PROJECT_INSCRIPTION VALUES
('TEST-USER-0001', 'TEST-PROJ-0002'),
('TEST-USER-0002', 'TEST-PROJ-0001');

INSERT INTO USER_PROJECT_UPDOWN VALUES
('TEST-USER-0001', 'TEST-PROJ-0001', 1),
('TEST-USER-0002', 'TEST-PROJ-0002', -1);

INSERT INTO USER_FORMATION_FORMATER VALUES
('TEST-USER-0001', 'TEST-FORM-0001'),
('TEST-USER-0002', 'TEST-FORM-0002');

INSERT INTO USER_FORMATION_CREATE VALUES
('TEST-USER-0001', 'TEST-FORM-0001'),
('TEST-USER-0002', 'TEST-FORM-0002');

INSERT INTO USER_FORMATION_INSCRIPTION VALUES
('TEST-USER-0001', 'TEST-FORM-0002'),
('TEST-USER-0002', 'TEST-FORM-0001');

INSERT INTO USER_FORMATION_INSCRIPTION_PAYEMENT VALUES
('TEST-USER-0001', 'TEST-FORM-0001', 'TEST-PAY-0001'),
('TEST-USER-0002', 'TEST-FORM-0002', 'TEST-PAY-0002');

INSERT INTO USER_EVENT VALUES
('TEST-USER-0001', 'TEST-EVENT-0001'),
('TEST-USER-0002', 'TEST-EVENT-0002');

INSERT INTO USER_EVENT_INSCRIPTION VALUES
('TEST-USER-0001', 'TEST-EVENT-0002'),
('TEST-USER-0002', 'TEST-EVENT-0001');

INSERT INTO USER_TICKET VALUES
('TEST-USER-0001', 'TEST-TICKET-0001'),
('TEST-USER-0002', 'TEST-TICKET-0002');

INSERT INTO USER_NOTIFICATION VALUES
('TEST-USER-0001', 'TEST-NOTIF-0001'),
('TEST-USER-0002', 'TEST-NOTIF-0002');

INSERT INTO USER_PAYEMENT VALUES
('TEST-USER-0001', 'TEST-PAY-0001'),
('TEST-USER-0002', 'TEST-PAY-0002');

INSERT INTO PAYEMENT_FORMATION VALUES
('TEST-PAY-0001', 'TEST-FORM-0001'),
('TEST-PAY-0002', 'TEST-FORM-0002');

INSERT INTO PAYEMENT_EVENT VALUES
('TEST-PAY-0001', 'TEST-EVENT-0001'),
('TEST-PAY-0002', 'TEST-EVENT-0002');

INSERT INTO PAYEMENT_PROJECT VALUES
('TEST-PAY-0001', 'TEST-PROJ-0001'),
('TEST-PAY-0002', 'TEST-PROJ-0002');

INSERT INTO USER_SUBSCRIPTION VALUES
('TEST-USER-0001', 'TEST-SUB-0001'),
('TEST-USER-0002', 'TEST-SUB-0002');

INSERT INTO SUB_SUB_PLAN VALUES
('TEST-SUB-0001', 'TEST-PLAN-0001'),
('TEST-SUB-0002', 'TEST-PLAN-0002');
