SET FOREIGN_KEY_CHECKS = 0;

INSERT IGNORE INTO CATEGORY (id_category, name_category, description_category) VALUES
('aaaaaaaa-aaaa-aaaa-aaaa-000000000006', 'Jardinage & Compostage',  'Compost, récupération déchets verts, jardinage écologique'),
('aaaaaaaa-aaaa-aaaa-aaaa-000000000007', 'Peinture & Décoration',   'Remise en peinture et relooking de mobilier usagé'),
('aaaaaaaa-aaaa-aaaa-aaaa-000000000008', 'Récupération Métaux',     'Travail des métaux et matériaux de récupération industrielle'),
('aaaaaaaa-aaaa-aaaa-aaaa-000000000009', 'Papeterie & Carton',      'Recyclage papier, carton et créations associées'),
('aaaaaaaa-aaaa-aaaa-aaaa-000000000010', 'Mode & Couture Upcyclée', 'Transformation de vêtements et accessoires usagés');

INSERT IGNORE INTO EVENT (id_event, title_event, description_event, date_event, location_event, capacity, price_cents, id_creator) VALUES
('e0000003-0000-4000-8000-000000000000', 'Atelier couture zéro déchet',     'Transformez vos vieux vêtements en pièces uniques grâce aux techniques de upcycling textile.',    '2026-05-10 10:00:00', 'Paris 11e, 14 rue de la Roquette',        15,  1000, 'TEST-USER-0001'),
('e0000004-0000-4000-8000-000000000000', 'Conférence upcycling industriel', 'Les nouvelles pratiques de récupération dans l''industrie manufacturière française.',             '2026-05-18 14:00:00', 'Lyon 2e, 5 place Bellecour',              80,  0,    'TEST-USER-0001'),
('e0000005-0000-4000-8000-000000000000', 'Repair Café Bordeaux',            'Apportez vos objets cassés, repartez avec une seconde vie grâce à nos bénévoles réparateurs.',    '2026-06-01 09:00:00', 'Bordeaux Victoire, 3 cours Victor Hugo', 30,  0,    'TEST-USER-0002'),
('e0000006-0000-4000-8000-000000000000', 'Marché de la récup''',            'Brocante spécialisée dans les matériaux de récupération : bois, métal, textiles, électronique.',  '2026-06-14 08:00:00', 'Nantes Bouffay, place du Bouffay',       200, 0,    'TEST-USER-0002'),
('e0000007-0000-4000-8000-000000000000', 'Formation menuiserie recyclée',   'Créez vos propres meubles à partir de palettes et bois de récupération, niveau débutant.',        '2026-07-05 09:30:00', 'Toulouse Compans, allée du Brienne',     12,  3000, 'TEST-USER-0001'),
('e0000008-0000-4000-8000-000000000000', 'Atelier poterie récupération',    'Travaillez l''argile et redonnez vie aux céramiques brisées par kintsugi et assemblage.',         '2026-07-19 14:00:00', 'Strasbourg Krutenau, 8 quai Mullenheim', 10,  1500, 'TEST-USER-0002'),
('e0000009-0000-4000-8000-000000000000', 'Hackathon éco-conception',        'Prototypage en 48h de produits innovants à base de matériaux recyclés et de chutes industrielles.','2026-08-22 09:00:00', 'Paris La Défense, Grande Arche',         50,  500,  'TEST-USER-0001'),
('e0000010-0000-4000-8000-000000000000', 'Exposition upcycling artistique', 'Vernissage et vente d''œuvres plastiques réalisées intégralement à partir de déchets ménagers.',  '2026-09-06 17:00:00', 'Montpellier Ecusson, 2 rue de la Loge',  100, 0,    'TEST-USER-0002');

INSERT IGNORE INTO PROJECT (id_project, start_date_project, end_date, capacity, id_creator) VALUES
('f0000003-0000-4000-8000-000000000000', '2026-05-01', '2026-08-31', 8,  'TEST-USER-0001'),
('f0000004-0000-4000-8000-000000000000', '2026-06-01', '2026-11-30', 12, 'TEST-USER-0001'),
('f0000005-0000-4000-8000-000000000000', '2026-04-15', '2026-07-15', 6,  'TEST-USER-0002'),
('f0000006-0000-4000-8000-000000000000', '2026-07-01', '2026-12-31', 20, 'TEST-USER-0002'),
('f0000007-0000-4000-8000-000000000000', '2026-03-01', '2026-06-30', 5,  'TEST-USER-0001'),
('f0000008-0000-4000-8000-000000000000', '2026-08-01', '2026-10-31', 10, 'TEST-USER-0001'),
('f0000009-0000-4000-8000-000000000000', '2026-05-15', '2026-09-15', 15, 'TEST-USER-0002'),
('f0000010-0000-4000-8000-000000000000', '2026-09-01', '2027-01-31', 25, 'TEST-USER-0002');

INSERT IGNORE INTO FORMATION (id_formation, id_creator, id_formateur) VALUES
('b0000003-0000-4000-8000-000000000000', 'TEST-USER-0001', 'TEST-USER-0002'),
('b0000004-0000-4000-8000-000000000000', 'TEST-USER-0001', 'TEST-USER-0001'),
('b0000005-0000-4000-8000-000000000000', 'TEST-USER-0002', 'TEST-USER-0001'),
('b0000006-0000-4000-8000-000000000000', 'TEST-USER-0002', 'TEST-USER-0002'),
('b0000007-0000-4000-8000-000000000000', 'TEST-USER-0001', 'TEST-USER-0002'),
('b0000008-0000-4000-8000-000000000000', 'TEST-USER-0001', 'TEST-USER-0001'),
('b0000009-0000-4000-8000-000000000000', 'TEST-USER-0002', 'TEST-USER-0002'),
('b0000010-0000-4000-8000-000000000000', 'TEST-USER-0002', 'TEST-USER-0001');

INSERT IGNORE INTO ANNOUNCEMENT (id_announcement, id_category, title_announcement, address_annoucement, city, postal, description_annoucement, availability_date, price, request, state_annoucement) VALUES
('c0000003-0000-4000-8000-000000000000', 'aaaaaaaa-aaaa-aaaa-aaaa-000000000001', 'Lot de tissus coton à donner',    '14 rue des Lilas',         'Paris',      '75020', 'Tissus coton de différentes couleurs, idéaux pour couture créative et patchwork.',        '2026-05-01', 0,  0, 'Active'),
('c0000004-0000-4000-8000-000000000000', 'aaaaaaaa-aaaa-aaaa-aaaa-000000000002', 'Palettes bois en bon état',       '3 impasse du Moulin',      'Bordeaux',   '33000', 'Dizaine de palettes EPAL récupérées sur chantier, propres et sans clou apparent.',        '2026-05-15', 20, 0, 'Active'),
('c0000005-0000-4000-8000-000000000000', 'aaaaaaaa-aaaa-aaaa-aaaa-000000000003', 'Lot PC tours à démanteler',      '27 avenue Gambetta',       'Lyon',       '69003', 'Cinq PC tours hors service, idéaux pour récupérer composants électroniques.',             '2026-06-01', 5,  0, 'Active'),
('c0000006-0000-4000-8000-000000000000', 'aaaaaaaa-aaaa-aaaa-aaaa-000000000004', 'Sacs cuir à transformer',        '8 rue de la Paix',         'Lille',      '59000', 'Sacs en cuir véritable usagés, parfaits pour projets de maroquinerie upcyclée.',          '2026-06-10', 15, 0, 'Active'),
('c0000007-0000-4000-8000-000000000000', 'aaaaaaaa-aaaa-aaaa-aaaa-000000000005', 'Service céramique dépareillé',   '55 boulevard Libération',  'Marseille',  '13001', 'Service à vaisselle dépareillé en céramique artisanale, plusieurs pièces disponibles.',   '2026-05-20', 10, 0, 'Active'),
('c0000008-0000-4000-8000-000000000000', 'aaaaaaaa-aaaa-aaaa-aaaa-000000000006', 'Composteur de jardin 300L',      '2 allée des Roses',        'Nantes',     '44000', 'Composteur bois 300L légèrement fissuré, fonctionnel, à récupérer sur place.',            '2026-07-01', 0,  0, 'Active'),
('c0000009-0000-4000-8000-000000000000', 'aaaaaaaa-aaaa-aaaa-aaaa-000000000007', 'Table et chaises relookées',     '19 rue Oberkampf',         'Paris',      '75011', 'Table et 4 chaises restaurées, peinture chalk paint style industriel, très bon état.',     '2026-06-25', 80, 0, 'Active'),
('c0000010-0000-4000-8000-000000000000', 'aaaaaaaa-aaaa-aaaa-aaaa-000000000008', 'Chutes acier et aluminium',      '7 zone industrielle Nord', 'Strasbourg', '67100', 'Chutes de métal variées acier et aluminium, idéales pour sculpture et soudure créative.', '2026-07-15', 5,  0, 'Active');

INSERT IGNORE INTO LOCKER (id_locker, access_code) VALUES
('d0000003-0000-4000-8000-000000000000', '4821'),
('d0000004-0000-4000-8000-000000000000', '7356'),
('d0000005-0000-4000-8000-000000000000', '2947'),
('d0000006-0000-4000-8000-000000000000', '6183'),
('d0000007-0000-4000-8000-000000000000', '9074'),
('d0000008-0000-4000-8000-000000000000', '3562'),
('d0000009-0000-4000-8000-000000000000', '8419'),
('d0000010-0000-4000-8000-000000000000', '5237');

INSERT IGNORE INTO SUBSCRIPTION_PLANS (id_plan, price_cents, interval_unit, interval_count, is_active) VALUES
('10000003-0000-4000-8000-000000000000', 299,  'MONTH', 1, 1),
('10000004-0000-4000-8000-000000000000', 2990, 'YEAR',  1, 1),
('10000005-0000-4000-8000-000000000000', 499,  'MONTH', 1, 1),
('10000006-0000-4000-8000-000000000000', 4990, 'YEAR',  1, 1),
('10000007-0000-4000-8000-000000000000', 799,  'MONTH', 1, 1),
('10000008-0000-4000-8000-000000000000', 7990, 'YEAR',  1, 1),
('10000009-0000-4000-8000-000000000000', 149,  'MONTH', 3, 1),
('10000010-0000-4000-8000-000000000000', 1490, 'YEAR',  3, 1);

INSERT IGNORE INTO SUBSCRIPTION (id_subscription, start_timestamp, end_timestamp, cancelled, cancelled_at) VALUES
('20000003-0000-4000-8000-000000000000', '2026-01-01 00:00:00', '2026-12-31 23:59:59', 0, '2026-12-31 23:59:59'),
('20000004-0000-4000-8000-000000000000', '2026-02-01 00:00:00', '2027-01-31 23:59:59', 0, '2027-01-31 23:59:59'),
('20000005-0000-4000-8000-000000000000', '2025-11-01 00:00:00', '2026-10-31 23:59:59', 0, '2026-10-31 23:59:59'),
('20000006-0000-4000-8000-000000000000', '2026-03-15 00:00:00', '2027-03-14 23:59:59', 0, '2027-03-14 23:59:59'),
('20000007-0000-4000-8000-000000000000', '2025-06-01 00:00:00', '2026-05-31 23:59:59', 1, '2026-04-01 10:00:00'),
('20000008-0000-4000-8000-000000000000', '2026-04-01 00:00:00', '2027-03-31 23:59:59', 0, '2027-03-31 23:59:59'),
('20000009-0000-4000-8000-000000000000', '2025-12-01 00:00:00', '2026-11-30 23:59:59', 0, '2026-11-30 23:59:59'),
('20000010-0000-4000-8000-000000000000', '2026-01-15 00:00:00', '2027-01-14 23:59:59', 1, '2026-03-20 09:30:00');

INSERT IGNORE INTO ADVICE (id_advice, title, tag, date_advice) VALUES
('30000003-0000-4000-8000-000000000000', 'Transformer un jean usé en sac à main',              'couture',    '2026-01-15'),
('30000004-0000-4000-8000-000000000000', 'Réparer une chaise avec des chutes de bois',         'menuiserie', '2026-02-03'),
('30000005-0000-4000-8000-000000000000', 'Customiser un luminaire avec des bouteilles',        'deco',       '2026-02-20'),
('30000006-0000-4000-8000-000000000000', 'Créer un jardin vertical avec des palettes',         'jardinage',  '2026-03-05'),
('30000007-0000-4000-8000-000000000000', 'Peindre ses meubles sans ponçage préalable',         'peinture',   '2026-03-18'),
('30000008-0000-4000-8000-000000000000', 'Fabriquer un bac à compost maison en bois',          'jardinage',  '2026-04-01'),
('30000009-0000-4000-8000-000000000000', 'Customiser de vieilles baskets avec peinture textile','mode',      '2026-04-10'),
('30000010-0000-4000-8000-000000000000', 'Réparer une fermeture éclair glissière',             'couture',    '2026-04-15');

INSERT IGNORE INTO TOPIC (id_topic) VALUES
('40000003-0000-4000-8000-000000000000'),
('40000004-0000-4000-8000-000000000000'),
('40000005-0000-4000-8000-000000000000'),
('40000006-0000-4000-8000-000000000000'),
('40000007-0000-4000-8000-000000000000'),
('40000008-0000-4000-8000-000000000000'),
('40000009-0000-4000-8000-000000000000'),
('40000010-0000-4000-8000-000000000000');

INSERT IGNORE INTO POST (id_post) VALUES
('50000003-0000-4000-8000-000000000000'),
('50000004-0000-4000-8000-000000000000'),
('50000005-0000-4000-8000-000000000000'),
('50000006-0000-4000-8000-000000000000'),
('50000007-0000-4000-8000-000000000000'),
('50000008-0000-4000-8000-000000000000'),
('50000009-0000-4000-8000-000000000000'),
('50000010-0000-4000-8000-000000000000');

INSERT IGNORE INTO TICKET (id_ticket, timestamp_ticket) VALUES
('60000003-0000-4000-8000-000000000000', '2026-05-01 10:30:00'),
('60000004-0000-4000-8000-000000000000', '2026-05-10 14:15:00'),
('60000005-0000-4000-8000-000000000000', '2026-05-18 09:00:00'),
('60000006-0000-4000-8000-000000000000', '2026-06-02 16:45:00'),
('60000007-0000-4000-8000-000000000000', '2026-06-14 11:00:00'),
('60000008-0000-4000-8000-000000000000', '2026-07-05 09:30:00'),
('60000009-0000-4000-8000-000000000000', '2026-07-19 14:00:00'),
('60000010-0000-4000-8000-000000000000', '2026-08-22 10:00:00');

INSERT IGNORE INTO NOTIFICATION (id_notification, view) VALUES
('70000003-0000-4000-8000-000000000000', 0),
('70000004-0000-4000-8000-000000000000', 1),
('70000005-0000-4000-8000-000000000000', 0),
('70000006-0000-4000-8000-000000000000', 1),
('70000007-0000-4000-8000-000000000000', 0),
('70000008-0000-4000-8000-000000000000', 0),
('70000009-0000-4000-8000-000000000000', 1),
('70000010-0000-4000-8000-000000000000', 0);

INSERT IGNORE INTO REPORT (id_report, id_user, id_announcement, id_topic, id_post, reason, status, created_at) VALUES
('80000001-0000-4000-8000-000000000000', 'TEST-USER-0001', 'c0000003-0000-4000-8000-000000000000', '40000003-0000-4000-8000-000000000000', '50000003-0000-4000-8000-000000000000', 'Contenu trompeur sur l''état du produit',        'pending',  '2026-03-01 09:00:00'),
('80000002-0000-4000-8000-000000000000', 'TEST-USER-0002', 'c0000003-0000-4000-8000-000000000000', '40000004-0000-4000-8000-000000000000', '50000004-0000-4000-8000-000000000000', 'Prix incorrect indiqué',                         'resolved', '2026-03-02 10:30:00'),
('80000003-0000-4000-8000-000000000000', 'TEST-USER-0001', 'c0000004-0000-4000-8000-000000000000', '40000005-0000-4000-8000-000000000000', '50000005-0000-4000-8000-000000000000', 'Doublon d''annonce existante',                   'pending',  '2026-03-05 14:00:00'),
('80000004-0000-4000-8000-000000000000', 'TEST-USER-0002', 'c0000005-0000-4000-8000-000000000000', '40000006-0000-4000-8000-000000000000', '50000006-0000-4000-8000-000000000000', 'Matériel potentiellement dangereux non signalé', 'resolved', '2026-03-08 11:15:00'),
('80000005-0000-4000-8000-000000000000', 'TEST-USER-0001', 'c0000006-0000-4000-8000-000000000000', '40000007-0000-4000-8000-000000000000', '50000007-0000-4000-8000-000000000000', 'Description inexacte de l''état du produit',     'pending',  '2026-03-10 16:20:00'),
('80000006-0000-4000-8000-000000000000', 'TEST-USER-0002', 'c0000007-0000-4000-8000-000000000000', '40000008-0000-4000-8000-000000000000', '50000008-0000-4000-8000-000000000000', 'Annonce à caractère commercial non autorisé',    'pending',  '2026-03-12 08:45:00'),
('80000007-0000-4000-8000-000000000000', 'TEST-USER-0001', 'c0000008-0000-4000-8000-000000000000', '40000009-0000-4000-8000-000000000000', '50000009-0000-4000-8000-000000000000', 'Contenu hors sujet de la plateforme',            'pending',  '2026-03-15 13:00:00'),
('80000008-0000-4000-8000-000000000000', 'TEST-USER-0002', 'c0000009-0000-4000-8000-000000000000', '40000010-0000-4000-8000-000000000000', '50000010-0000-4000-8000-000000000000', 'Propos inappropriés dans la description',        'resolved', '2026-03-18 09:30:00'),
('80000009-0000-4000-8000-000000000000', 'TEST-USER-0001', 'c0000010-0000-4000-8000-000000000000', '40000003-0000-4000-8000-000000000000', '50000003-0000-4000-8000-000000000000', 'Spam et liens externes suspects',                'pending',  '2026-03-20 15:10:00'),
('80000010-0000-4000-8000-000000000000', 'TEST-USER-0002', 'c0000003-0000-4000-8000-000000000000', '40000004-0000-4000-8000-000000000000', '50000004-0000-4000-8000-000000000000', 'Usurpation d''identité d''un artisan connu',     'resolved', '2026-03-22 11:00:00');

INSERT IGNORE INTO USER_ROLE (id_user, id_role) VALUES
('TEST-USER-0001', '11111111-1111-1111-1111-000000000001'),
('TEST-USER-0001', '11111111-1111-1111-1111-000000000002'),
('TEST-USER-0001', '11111111-1111-1111-1111-000000000003'),
('TEST-USER-0001', '11111111-1111-1111-1111-000000000004'),
('TEST-USER-0002', '11111111-1111-1111-1111-000000000001'),
('TEST-USER-0002', '11111111-1111-1111-1111-000000000002'),
('TEST-USER-0002', '11111111-1111-1111-1111-000000000003'),
('TEST-USER-0002', '11111111-1111-1111-1111-000000000004');

INSERT IGNORE INTO USER_ANNOUNCEMENT (id_user, id_announcement) VALUES
('TEST-USER-0001', 'c0000003-0000-4000-8000-000000000000'),
('TEST-USER-0001', 'c0000004-0000-4000-8000-000000000000'),
('TEST-USER-0001', 'c0000005-0000-4000-8000-000000000000'),
('TEST-USER-0001', 'c0000006-0000-4000-8000-000000000000'),
('TEST-USER-0002', 'c0000007-0000-4000-8000-000000000000'),
('TEST-USER-0002', 'c0000008-0000-4000-8000-000000000000'),
('TEST-USER-0002', 'c0000009-0000-4000-8000-000000000000'),
('TEST-USER-0002', 'c0000010-0000-4000-8000-000000000000');

INSERT IGNORE INTO ANNOUNCEMENT_LOCKER (id_announcement, id_locker) VALUES
('c0000003-0000-4000-8000-000000000000', 'd0000003-0000-4000-8000-000000000000'),
('c0000004-0000-4000-8000-000000000000', 'd0000004-0000-4000-8000-000000000000'),
('c0000005-0000-4000-8000-000000000000', 'd0000005-0000-4000-8000-000000000000'),
('c0000006-0000-4000-8000-000000000000', 'd0000006-0000-4000-8000-000000000000'),
('c0000007-0000-4000-8000-000000000000', 'd0000007-0000-4000-8000-000000000000'),
('c0000008-0000-4000-8000-000000000000', 'd0000008-0000-4000-8000-000000000000'),
('c0000009-0000-4000-8000-000000000000', 'd0000009-0000-4000-8000-000000000000'),
('c0000010-0000-4000-8000-000000000000', 'd0000010-0000-4000-8000-000000000000');

INSERT IGNORE INTO USER_ADVICE (id_user, id_advice) VALUES
('TEST-USER-0001', '30000003-0000-4000-8000-000000000000'),
('TEST-USER-0001', '30000004-0000-4000-8000-000000000000'),
('TEST-USER-0001', '30000005-0000-4000-8000-000000000000'),
('TEST-USER-0001', '30000006-0000-4000-8000-000000000000'),
('TEST-USER-0002', '30000007-0000-4000-8000-000000000000'),
('TEST-USER-0002', '30000008-0000-4000-8000-000000000000'),
('TEST-USER-0002', '30000009-0000-4000-8000-000000000000'),
('TEST-USER-0002', '30000010-0000-4000-8000-000000000000');

INSERT IGNORE INTO USER_TOPIC (id_user, id_topic) VALUES
('TEST-USER-0001', '40000003-0000-4000-8000-000000000000'),
('TEST-USER-0001', '40000004-0000-4000-8000-000000000000'),
('TEST-USER-0001', '40000005-0000-4000-8000-000000000000'),
('TEST-USER-0001', '40000006-0000-4000-8000-000000000000'),
('TEST-USER-0002', '40000007-0000-4000-8000-000000000000'),
('TEST-USER-0002', '40000008-0000-4000-8000-000000000000'),
('TEST-USER-0002', '40000009-0000-4000-8000-000000000000'),
('TEST-USER-0002', '40000010-0000-4000-8000-000000000000');

INSERT IGNORE INTO TOPIC_POST (id_topic, id_post) VALUES
('40000003-0000-4000-8000-000000000000', '50000003-0000-4000-8000-000000000000'),
('40000004-0000-4000-8000-000000000000', '50000004-0000-4000-8000-000000000000'),
('40000005-0000-4000-8000-000000000000', '50000005-0000-4000-8000-000000000000'),
('40000006-0000-4000-8000-000000000000', '50000006-0000-4000-8000-000000000000'),
('40000007-0000-4000-8000-000000000000', '50000007-0000-4000-8000-000000000000'),
('40000008-0000-4000-8000-000000000000', '50000008-0000-4000-8000-000000000000'),
('40000009-0000-4000-8000-000000000000', '50000009-0000-4000-8000-000000000000'),
('40000010-0000-4000-8000-000000000000', '50000010-0000-4000-8000-000000000000');

INSERT IGNORE INTO USER_PROJECT_INSCRIPTION (id_user, id_project) VALUES
('TEST-USER-0001', 'f0000003-0000-4000-8000-000000000000'),
('TEST-USER-0001', 'f0000004-0000-4000-8000-000000000000'),
('TEST-USER-0001', 'f0000005-0000-4000-8000-000000000000'),
('TEST-USER-0001', 'f0000006-0000-4000-8000-000000000000'),
('TEST-USER-0002', 'f0000003-0000-4000-8000-000000000000'),
('TEST-USER-0002', 'f0000004-0000-4000-8000-000000000000'),
('TEST-USER-0002', 'f0000005-0000-4000-8000-000000000000'),
('TEST-USER-0002', 'f0000006-0000-4000-8000-000000000000');

INSERT IGNORE INTO USER_PROJECT_UPDOWN (id_user, id_project, updown) VALUES
('TEST-USER-0001', 'f0000003-0000-4000-8000-000000000000',  1),
('TEST-USER-0001', 'f0000004-0000-4000-8000-000000000000',  1),
('TEST-USER-0001', 'f0000005-0000-4000-8000-000000000000', -1),
('TEST-USER-0001', 'f0000006-0000-4000-8000-000000000000',  1),
('TEST-USER-0002', 'f0000003-0000-4000-8000-000000000000', -1),
('TEST-USER-0002', 'f0000004-0000-4000-8000-000000000000',  1),
('TEST-USER-0002', 'f0000005-0000-4000-8000-000000000000',  1),
('TEST-USER-0002', 'f0000006-0000-4000-8000-000000000000', -1);

INSERT IGNORE INTO USER_FORMATION_INSCRIPTION (id_user, id_formation) VALUES
('TEST-USER-0001', 'b0000003-0000-4000-8000-000000000000'),
('TEST-USER-0001', 'b0000004-0000-4000-8000-000000000000'),
('TEST-USER-0001', 'b0000005-0000-4000-8000-000000000000'),
('TEST-USER-0001', 'b0000006-0000-4000-8000-000000000000'),
('TEST-USER-0002', 'b0000003-0000-4000-8000-000000000000'),
('TEST-USER-0002', 'b0000004-0000-4000-8000-000000000000'),
('TEST-USER-0002', 'b0000005-0000-4000-8000-000000000000'),
('TEST-USER-0002', 'b0000006-0000-4000-8000-000000000000');

INSERT IGNORE INTO USER_EVENT_INSCRIPTION (id_user, id_event) VALUES
('TEST-USER-0001', 'e0000003-0000-4000-8000-000000000000'),
('TEST-USER-0001', 'e0000004-0000-4000-8000-000000000000'),
('TEST-USER-0001', 'e0000005-0000-4000-8000-000000000000'),
('TEST-USER-0001', 'e0000006-0000-4000-8000-000000000000'),
('TEST-USER-0002', 'e0000003-0000-4000-8000-000000000000'),
('TEST-USER-0002', 'e0000004-0000-4000-8000-000000000000'),
('TEST-USER-0002', 'e0000005-0000-4000-8000-000000000000'),
('TEST-USER-0002', 'e0000006-0000-4000-8000-000000000000');

INSERT IGNORE INTO USER_TICKET (id_user, id_ticket) VALUES
('TEST-USER-0001', '60000003-0000-4000-8000-000000000000'),
('TEST-USER-0001', '60000004-0000-4000-8000-000000000000'),
('TEST-USER-0001', '60000005-0000-4000-8000-000000000000'),
('TEST-USER-0001', '60000006-0000-4000-8000-000000000000'),
('TEST-USER-0002', '60000007-0000-4000-8000-000000000000'),
('TEST-USER-0002', '60000008-0000-4000-8000-000000000000'),
('TEST-USER-0002', '60000009-0000-4000-8000-000000000000'),
('TEST-USER-0002', '60000010-0000-4000-8000-000000000000');

INSERT IGNORE INTO USER_NOTIFICATION (id_user, id_notification) VALUES
('TEST-USER-0001', '70000003-0000-4000-8000-000000000000'),
('TEST-USER-0001', '70000004-0000-4000-8000-000000000000'),
('TEST-USER-0001', '70000005-0000-4000-8000-000000000000'),
('TEST-USER-0001', '70000006-0000-4000-8000-000000000000'),
('TEST-USER-0002', '70000007-0000-4000-8000-000000000000'),
('TEST-USER-0002', '70000008-0000-4000-8000-000000000000'),
('TEST-USER-0002', '70000009-0000-4000-8000-000000000000'),
('TEST-USER-0002', '70000010-0000-4000-8000-000000000000');

INSERT IGNORE INTO USER_SUBSCRIPTION (id_user, id_subscription) VALUES
('TEST-USER-0001', '20000003-0000-4000-8000-000000000000'),
('TEST-USER-0001', '20000004-0000-4000-8000-000000000000'),
('TEST-USER-0001', '20000005-0000-4000-8000-000000000000'),
('TEST-USER-0001', '20000006-0000-4000-8000-000000000000'),
('TEST-USER-0002', '20000007-0000-4000-8000-000000000000'),
('TEST-USER-0002', '20000008-0000-4000-8000-000000000000'),
('TEST-USER-0002', '20000009-0000-4000-8000-000000000000'),
('TEST-USER-0002', '20000010-0000-4000-8000-000000000000');

INSERT IGNORE INTO SUB_SUB_PLAN (id_subscription, id_plan) VALUES
('20000003-0000-4000-8000-000000000000', '10000003-0000-4000-8000-000000000000'),
('20000004-0000-4000-8000-000000000000', '10000004-0000-4000-8000-000000000000'),
('20000005-0000-4000-8000-000000000000', '10000005-0000-4000-8000-000000000000'),
('20000006-0000-4000-8000-000000000000', '10000006-0000-4000-8000-000000000000'),
('20000007-0000-4000-8000-000000000000', '10000007-0000-4000-8000-000000000000'),
('20000008-0000-4000-8000-000000000000', '10000008-0000-4000-8000-000000000000'),
('20000009-0000-4000-8000-000000000000', '10000009-0000-4000-8000-000000000000'),
('20000010-0000-4000-8000-000000000000', '10000010-0000-4000-8000-000000000000');

SET FOREIGN_KEY_CHECKS = 1;
